<?xml version="1.0" encoding="UTF-8"?>
<beans xmlns="http://www.springframework.org/schema/beans"
       xmlns:xsi="http://www.w3.org/2001/XMLSchema-instance"
       xsi:schemaLocation="http://www.springframework.org/schema/beans http://www.springframework.org/schema/beans/spring-beans.xsd">

    <bean id="dataSource" class="org.apache.commons.dbcp.BasicDataSource">

        <property name="driverClassName" value="com.mysql.jdbc.Driver"></property>
        <property name="url" value="jdbc:mysql://localhost:3306/mydb"></property>
        <property name="username" value="root"></property>
        <property name="password" value="xu9659"></property>
        <property name="maxActive" value="100"></property>
        <property name="defaultAutoCommit" value="true"></property>
    </bean>

    <bean id="sessionFactory" class="org.springframework.orm.hibernate3.LocalSessionFactoryBean">
        <property name="dataSource" ref="dataSource"></property>
        <property name="hibernateProperties">
            <props>
                <prop key="hibernate.dialect">org.hibernate.dialect.MySQLDialect</prop>
                <prop key="hibernate.show_sql">true</prop>
            </props>
        </property>
        <property name="mappingResources">
            <list>
                <value>Book.hbm.xml</value>
            </list>
        </property>
    </bean>
    <bean id="bookDao" class="com.module.dao.daoimpl.BookDAOImpl" scope="singleton">
        <property name="sessionFactory">
            <ref bean="sessionFactory"/>
        </property>
    </bean>
    <bean id="bookService" class="com.module.service.serviceimpl.BookServiceImpl">

        <property name="bookDao" ref="bookDao"></property>
    </bean>
    <bean id="bookQueryAction" class="com.module.action.BookQueryAction">
        <property name="bookService" ref="bookService"></property>
    </bean>

</beans>