<?xml version="1.0" encoding="UTF-8"?>
<!DOCTYPE hibernate-mapping
        PUBLIC "-//Hibernate/Hibernate Mapping DTD 3.0//EN"
        "http://hibernate.sourceforge.net/hibernate-mapping-3.0.dtd">

<hibernate-mapping package="com.module.bean">

    <class name="Order" table="orders"  catalog="mydb">

        <id name="id" column="id" type="int">
            <generator class="native"></generator>
        </id>

        <property name="date" column="date" type="date"></property>
        <many-to-one name="user" column="username" class="User" lazy="false"></many-to-one>
        <set name="orderitems" lazy="false"  cascade="save-update">

            <key column="orderid"></key>

            <one-to-many class="Orderitem"/>
        </set>
    </class>

</hibernate-mapping>