<?xml version="1.0" encoding="UTF-8"?>
<!DOCTYPE hibernate-mapping
        PUBLIC "-//Hibernate/Hibernate Mapping DTD 3.0//EN"
        "http://hibernate.sourceforge.net/hibernate-mapping-3.0.dtd">

<hibernate-mapping package="com.module.bean">

    <class name="Orderitem" table="orderitem"  catalog="mydb">

        <id name="id" column="id" type="int">
            <generator class="native"></generator>
        </id>

        <property name="number" column="number" type="int"></property>
        <many-to-one name="book" column="bookid" class="Book"></many-to-one>
        <property name="orderid" column="orderid" type="string"></property>
    </class>

</hibernate-mapping>