<?xml version="1.0" encoding="UTF-8"?>
<beans xmlns="http://www.springframework.org/schema/beans"
	xmlns:context="http://www.springframework.org/schema/context"
	xmlns:xsi="http://www.w3.org/2001/XMLSchema-instance"
	xsi:schemaLocation="http://www.springframework.org/schema/beans
		http://www.springframework.org/schema/beans/spring-beans-3.2.xsd
		http://www.springframework.org/schema/context
		http://www.springframework.org/schema/context/spring-context-3.2.xsd">

    <!-- 配置JMS连接工厂 -->
    <bean id="connectionFactory" class="org.apache.activemq.spring.ActiveMQConnectionFactory">
        <property name="brokerURL" value="tcp://localhost:61616" />
    </bean>
    
    <!-- 配置JMS模版 -->
    <bean id="jmsTemplate" class="org.springframework.jms.core.JmsTemplate">
        <property name="connectionFactory" ref="connectionFactory" />
    </bean>
    
    <!-- 发送消息的目的地（一个队列） -->
    <bean id="requestDestination" class="org.apache.activemq.command.ActiveMQQueue">
    	<!-- 设置消息队列的名字 -->
    	<constructor-arg index="0" value="requestQueue" />
    </bean>
    
    <!-- 应答消息的目的地（一个队列） -->
    <bean id="replyDestination" class="org.apache.activemq.command.ActiveMQQueue">
    	<!-- 设置消息队列的名字 -->
    	<constructor-arg index="0" value="replyQueue" />
    </bean>
    
    <!-- 消息生产者 -->
    <bean id="producer" class="test.Producer">
        <property name="jmsTemplate" ref="jmsTemplate" />
        <property name="requestDestination" ref="requestDestination" />
        <property name="replyDestination" ref="replyDestination" />
    </bean>
    
    <!-- 消息消费者 -->
    <bean id="consumer" class="com.module.message.OrderPlaceServer">
    	<property name="jmsTemplate" ref="jmsTemplate" />
    </bean>
    
    <!-- 监听容器 -->
    <bean id="jmsContainerRequest" class="org.springframework.jms.listener.DefaultMessageListenerContainer">  
       <property name="connectionFactory" ref="connectionFactory" />  
       <property name="destination" ref="requestDestination" />  
       <property name="messageListener" ref="consumer" />  
   </bean>
   
    <!-- 应答监听容器 -->
    <bean id="jmsContainerReply" class="org.springframework.jms.listener.DefaultMessageListenerContainer">  
       <property name="connectionFactory" ref="connectionFactory" />  
       <property name="destination" ref="replyDestination" />  
       <property name="messageListener" ref="producer" />  
   </bean>
</beans>